source,target
Napoleon,Myriel
Mlle.Baptistine,Myriel
Mme.Magloire,Myriel
Mme.Magloire,Mlle.Baptistine
CountessdeLo,Myriel
Geborand,Myriel
Champtercier,Myriel
Cravatte,Myriel
Count,Myriel
OldMan,Myriel
Valjean,Labarre
Valjean,Mme.Magloire
Valjean,Mlle.Baptistine
Valjean,Myriel
Marguerite,Valjean
Mme.deR,Valjean
Isabeau,Valjean
Gervais,Valjean
Listolier,Tholomyes
Fameuil,Tholomyes
Fameuil,Listolier
Blacheville,Tholomyes
Blacheville,Listolier
Blacheville,Fameuil
Favourite,Tholomyes
Favourite,Listolier
Favourite,Fameuil
Favourite,Blacheville
Dahlia,Tholomyes
Dahlia,Listolier
Dahlia,Fameuil
Dahlia,Blacheville
Dahlia,Favourite
Zephine,Tholomyes
Zephine,Listolier
Zephine,Fameuil
Zephine,Blacheville
Zephine,Favourite
Zephine,Dahlia
Fantine,Tholomyes
Fantine,Listolier
Fantine,Fameuil
Fantine,Blacheville
Fantine,Favourite
Fantine,Dahlia
Fantine,Zephine
Fantine,Marguerite
Fantine,Valjean
Mme.Thenardier,Fantine
Mme.Thenardier,Valjean
Thenardier,Mme.Thenardier
Thenardier,Fantine
Thenardier,Valjean
Cosette,Mme.Thenardier
Cosette,Valjean
Cosette,Tholomyes
Cosette,Thenardier
Javert,Valjean
Javert,Fantine
Javert,Thenardier
Javert,Mme.Thenardier
Javert,Cosette
Fauchelevent,Valjean
Fauchelevent,Javert
Bamatabois,Fantine
Bamatabois,Javert
Bamatabois,Valjean
Perpetue,Fantine
Simplice,Perpetue
Simplice,Valjean
Simplice,Fantine
Simplice,Javert
Scaufflaire,Valjean
Woman1,Valjean
Woman1,Javert
Judge,Valjean
Judge,Bamatabois
Champmathieu,Valjean
Champmathieu,Judge
Champmathieu,Bamatabois
Brevet,Judge
Brevet,Champmathieu
Brevet,Valjean
Brevet,Bamatabois
Chenildieu,Judge
Chenildieu,Champmathieu
Chenildieu,Brevet
Chenildieu,Valjean
Chenildieu,Bamatabois
Cochepaille,Judge
Cochepaille,Champmathieu
Cochepaille,Brevet
Cochepaille,Chenildieu
Cochepaille,Valjean
Cochepaille,Bamatabois
Pontmercy,Thenardier
Boulatruelle,Thenardier
Eponine,Mme.Thenardier
Eponine,Thenardier
Anzelma,Eponine
Anzelma,Thenardier
Anzelma,Mme.Thenardier
Woman2,Valjean
Woman2,Cosette
Woman2,Javert
MotherInnocent,Fauchelevent
MotherInnocent,Valjean
Gribier,Fauchelevent
Mme.Burgon,Jondrette
Gavroche,Mme.Burgon
Gavroche,Thenardier
Gavroche,Javert
Gavroche,Valjean
Gillenormand,Cosette
Gillenormand,Valjean
Magnon,Gillenormand
Magnon,Mme.Thenardier
Mlle.Gillenormand,Gillenormand
Mlle.Gillenormand,Cosette
Mlle.Gillenormand,Valjean
Mme.Pontmercy,Mlle.Gillenormand
Mme.Pontmercy,Pontmercy
Mlle.Vaubois,Mlle.Gillenormand
Lt.Gillenormand,Mlle.Gillenormand
Lt.Gillenormand,Gillenormand
Lt.Gillenormand,Cosette
Marius,Mlle.Gillenormand
Marius,Gillenormand
Marius,Pontmercy
Marius,Lt.Gillenormand
Marius,Cosette
Marius,Valjean
Marius,Tholomyes
Marius,Thenardier
Marius,Eponine
Marius,Gavroche
BaronessT,Gillenormand
BaronessT,Marius
Mabeuf,Marius
Mabeuf,Eponine
Mabeuf,Gavroche
Enjolras,Marius
Enjolras,Gavroche
Enjolras,Javert
Enjolras,Mabeuf
Enjolras,Valjean
Combeferre,Enjolras
Combeferre,Marius
Combeferre,Gavroche
Combeferre,Mabeuf
Prouvaire,Gavroche
Prouvaire,Enjolras
Prouvaire,Combeferre
Feuilly,Gavroche
Feuilly,Enjolras
Feuilly,Prouvaire
Feuilly,Combeferre
Feuilly,Mabeuf
Feuilly,Marius
Courfeyrac,Marius
Courfeyrac,Enjolras
Courfeyrac,Combeferre
Courfeyrac,Gavroche
Courfeyrac,Mabeuf
Courfeyrac,Eponine
Courfeyrac,Feuilly
Courfeyrac,Prouvaire
Bahorel,Combeferre
Bahorel,Gavroche
Bahorel,Courfeyrac
Bahorel,Mabeuf
Bahorel,Enjolras
Bahorel,Feuilly
Bahorel,Prouvaire
Bahorel,Marius
Bossuet,Marius
Bossuet,Courfeyrac
Bossuet,Gavroche
Bossuet,Bahorel
Bossuet,Enjolras
Bossuet,Feuilly
Bossuet,Prouvaire
Bossuet,Combeferre
Bossuet,Mabeuf
Bossuet,Valjean
Joly,Bahorel
Joly,Bossuet
Joly,Gavroche
Joly,Courfeyrac
Joly,Enjolras
Joly,Feuilly
Joly,Prouvaire
Joly,Combeferre
Joly,Mabeuf
Joly,Marius
Grantaire,Bossuet
Grantaire,Enjolras
Grantaire,Combeferre
Grantaire,Courfeyrac
Grantaire,Joly
Grantaire,Gavroche
Grantaire,Bahorel
Grantaire,Feuilly
Grantaire,Prouvaire
MotherPlutarch,Mabeuf
Gueulemer,Thenardier
Gueulemer,Valjean
Gueulemer,Mme.Thenardier
Gueulemer,Javert
Gueulemer,Gavroche
Gueulemer,Eponine
Babet,Thenardier
Babet,Gueulemer
Babet,Valjean
Babet,Mme.Thenardier
Babet,Javert
Babet,Gavroche
Babet,Eponine
Claquesous,Thenardier
Claquesous,Babet
Claquesous,Gueulemer
Claquesous,Valjean
Claquesous,Mme.Thenardier
Claquesous,Javert
Claquesous,Eponine
Claquesous,Enjolras
Montparnasse,Javert
Montparnasse,Babet
Montparnasse,Gueulemer
Montparnasse,Claquesous
Montparnasse,Valjean
Montparnasse,Gavroche
Montparnasse,Eponine
Montparnasse,Thenardier
Toussaint,Cosette
Toussaint,Javert
Toussaint,Valjean
Child1,Gavroche
Child2,Gavroche
Child2,Child1
Brujon,Babet
Brujon,Gueulemer
Brujon,Thenardier
Brujon,Gavroche
Brujon,Eponine
Brujon,Claquesous
Brujon,Montparnasse
Mme.Hucheloup,Bossuet
Mme.Hucheloup,Joly
Mme.Hucheloup,Grantaire
Mme.Hucheloup,Bahorel
Mme.Hucheloup,Courfeyrac
Mme.Hucheloup,Gavroche
Mme.Hucheloup,Enjolras